case_id,date,array_type,htf,direction,manual_trade_direction,array_relation,decision_role,opening_reaction,va_alignment,body_state_role,structure_alignment,liquidity_context,displacement_context,conversion_context,competing_array_ignored,ignored_reason,reason_confidence,notes
SPX-FB2-002,2022-12-07,fvg,30m,bullish,short,opposing,block,yes,VAL/support,respected_not_body_broken,bearish LTF structure blocked,london+asia highs swept,price reacted from FVG then sought upper liquidity,none,yes,opposing support caused the opening reaction and remained respected,high,The 30m support FVG overrides an otherwise acceptable short CISD/FVG.
SPX-FB2-005,2022-12-28,fvg,30m,bearish,short,aligned,directional_bias,yes,VA context,body_closed_inside,short CISD aligned,upper liquidity fully cleaned,close location inside/below FVG implied rejection,none,unknown,unknown,high,The 09:30 close inside rather than above the 30m FVG shifts expectation to short; final order is not filled.
SPX-FB2-007,2023-06-06,fvg,15m,bearish,long,opposing,unlock,yes,VAL,body_closed_through,bullish CISD/FVG after NY PM low sweep,NY PM low swept,body close through HTF array supports continuation long,resistance broken,unknown,unknown,high,HTF transition and named VAL liquidity align with the long.
SPX-FB2-009,2023-06-13,fvg,30m,bullish,short,opposing,block,yes,VAH/open,respected_not_body_broken,bearish LTF structures blocked,VAH already broken premarket,opening reaction away from the FVG,none,yes,opening support remained respected despite later bearish structures,high,No short until the opening 30m support FVG is body-closed.
SPX-FB2-011,2023-06-16,order_block,15m,bullish,short,opposing,unlock,yes,VAH,respected_then_body_closed_inside,existing bearish CISD retained,VAH sweep optional,body close into OB followed by bearish FVG,support mitigation/closure,yes,30m FVG and 15m OB overlap; OB body-close is sufficient,high,The manually controlling transition is the 15m OB body close rather than the wider 30m FVG.
SPX-FB2-012,2023-06-20,fvg,30m,bearish,short,aligned,support,yes,VAH/resistance,respected_not_body_broken,premarket bearish structure remained valid,VAL liquidity taken; VAH sweep optional,price repeatedly failed to body-close the FVG,none,yes,VAH liquidity was optional because HTF resistance and bearish structure already aligned,high,Aligned respected resistance preserves the short thesis.
SPX-FB2-013,2023-06-27,fvg,30m,bullish,long,aligned,support,yes,VAL/support,respected,bullish CISD/FVG,VAH+london+lunch highs swept,bullish arrays remained respected despite high sweeps,none,yes,high sweeps did not reverse structure because support and bullish CISD remained intact,high,Strong aligned context also causes the manual target-before-fill cancellation exception.
SPX-FB2-014,2023-09-01,fvg,15m,bullish,short,opposing,unlock,yes,VAH,body_closed_through,bearish CISD/FVG after transition,VAH swing high taken,body close through bullish FVG then bearish displacement,support broken,unknown,unknown,high,Opposing bullish FVG must be body-closed before short structures are accepted.
SPX-FB2-021,2023-10-11,fvg,30m,bearish,short,aligned,support,yes,VAH/resistance,respected,bearish CISD/FVG,VAH sweep optional; VAL london low preferred,FVG prevented long continuation and acted as resistance,none,yes,nearby bullish support arrays were not treated as controlling because bearish resistance caused the relevant reaction,high,Aligned 30m resistance is extra confirmation but does not create the trade alone.
