timestamp,open,high,low,close,volume
1694476800000,4482.81,4483.357,4482.073,4482.367,18910
1694476860000,4482.554,4483.062,4482.067,4482.554,13420
1694476920000,4482.313,4482.822,4482.311,4482.311,17690
1694476980000,4482.617,4482.81,4481.82,4481.82,7320
1694477040000,4482.064,4482.076,4481.811,4481.829,7320
1694477100000,4481.571,4482.569,4481.571,4482.076,8540
1694477160000,4481.811,4481.877,4480.35,4480.353,7930
1694477220000,4480.599,4481.339,4480.35,4481.339,7320
1694477280000,4481.583,4481.839,4481.324,4481.839,4880
1694477340000,4481.757,4482.061,4481.577,4481.58,4880
1694477400000,4481.339,4481.387,4481.093,4481.33,4270
1694477460000,4481.592,4481.592,4481.084,4481.084,3050
1694477520000,4481.343,4481.836,4481.343,4481.397,3660
1694477580000,4481.084,4481.349,4481.084,4481.147,6100
1694477640000,4481.213,4481.337,4480.113,4480.347,7930
1694477700000,4480.107,4480.834,4480.107,4480.362,6710
1694477760000,4480.167,4480.359,4480.11,4480.347,6710
1694477820000,4480.122,4480.122,4479.614,4480.11,4270
1694477880000,4480.356,4480.859,4480.353,4480.841,4880
1694477940000,4480.714,4481.081,4480.612,4481.081,2440
1694478000000,4481.349,4481.349,4480.847,4480.847,11590
1694478060000,4480.6,4480.844,4480.354,4480.609,3660
1694478120000,4480.844,4480.907,4480.6,4480.612,2440
1694478180000,4480.844,4480.844,4480.844,4480.844,610
1694478240000,4481.103,4481.103,4480.862,4480.862,3660
1694478300000,4480.609,4480.907,4480.354,4480.612,5490
1694478360000,4480.844,4480.844,4480.417,4480.609,3660
1694478420000,4480.907,4480.907,4480.613,4480.847,3050
1694478480000,4481.1,4481.1,4480.841,4480.841,1220
1694478540000,4481.037,4481.109,4480.613,4480.613,9150
1694478600000,4480.492,4480.619,4480.351,4480.366,4880
1694478660000,4480.167,4480.607,4480.167,4480.607,1830
1694478720000,4480.366,4480.622,4479.614,4479.614,9760
1694478780000,4479.867,4480.129,4479.632,4479.867,3050
1694478840000,4480.123,4480.667,4480.12,4480.372,6710
1694478960000,4480.619,4480.917,4480.613,4480.869,2440
1694479020000,4480.604,4480.857,4480.369,4480.369,2440
1694479080000,4480.129,4480.369,4480.12,4480.363,4270
1694479140000,4480.427,4480.427,4479.861,4479.867,5490
1694479200000,4479.642,4479.927,4479.621,4479.882,10370
1694479260000,4479.639,4480.132,4479.437,4479.882,9760
1694479320000,4479.627,4479.882,4479.624,4479.624,9760
1694479380000,4479.383,4479.889,4479.383,4479.889,1830
1694479440000,4480.12,4480.177,4479.877,4480.177,4880
1694479500000,4479.883,4480.12,4479.377,4479.874,7930
1694479560000,4479.621,4480.132,4479.621,4480.132,1830
1694479620000,4479.892,4479.892,4479.621,4479.886,7320
1694479680000,4479.633,4480.177,4479.627,4480.126,5490
1694479740000,4479.871,4480.114,4479.636,4479.636,3050
1694479800000,4479.883,4480.376,4479.883,4480.376,2440
1694479860000,4480.187,4480.379,4480.124,4480.13,4270
1694479980000,4479.892,4480.142,4479.892,4480.142,1220
1694480040000,4480.364,4480.632,4480.364,4480.632,5490
1694480100000,4480.373,4480.373,4479.76,4479.76,2440
1694480160000,4479.88,4480.142,4479.637,4480.142,5490
1694480220000,4479.892,4480.376,4479.883,4480.376,3660
1694480280000,4480.38,4480.38,4480.38,4480.38,610
1694480340000,4480.136,4480.136,4479.88,4480.124,1830
1694480400000,4479.877,4480.142,4479.877,4480.13,5490
1694480460000,4479.877,4480.121,4479.652,4479.889,4880
1694480520000,4479.893,4479.893,4479.893,4479.893,610
1694480580000,4479.646,4479.899,4479.153,4479.631,4270
1694480640000,4479.402,4479.646,4479.402,4479.646,1220
1694480700000,4479.39,4479.697,4479.381,4479.697,12200
1694480760000,4479.384,4479.697,4478.909,4479.652,10370
1694480820000,4479.394,4479.403,4478.9,4479.144,4880
1694480880000,4479.4,4479.4,4479.4,4479.4,610
1694480940000,4479.279,4479.457,4479.141,4479.457,9150
1694481000000,4479.159,4479.64,4479.159,4479.64,1830
1694481060000,4479.397,4479.896,4479.394,4479.89,7320
1694481120000,4480.197,4482.612,4479.89,4481.863,18910
1694481180000,4481.604,4481.869,4480.63,4480.874,15250
1694481240000,4481.012,4481.129,4480.883,4480.883,6100
1694481300000,4480.633,4480.633,4479.397,4479.647,15860
1694481360000,4479.887,4480.377,4479.4,4479.881,12200
1694481420000,4479.659,4480.14,4479.65,4479.89,12200
1694481480000,4480.017,4480.892,4479.89,4480.75,13420
1694481540000,4480.937,4480.937,4480.149,4480.63,7320
1694481600000,4480.937,4480.946,4480.152,4480.687,14640
1694481660000,4480.441,4480.943,4480.203,4480.462,5490
1694481720000,4480.69,4480.69,4480.197,4480.317,4270
1694481780000,4480.212,4480.507,4480.212,4480.507,2440
1694481840000,4480.321,4480.453,4479.71,4479.71,7320
1694481900000,4479.457,4479.954,4479.457,4479.457,4270
1694481960000,4479.22,4479.277,4478.979,4479.277,4880
1694482020000,4479.461,4479.476,4479.211,4479.476,9150
1694482080000,4479.716,4479.767,4479.467,4479.467,6100
1694482140000,4479.584,4479.969,4479.473,4479.969,4880
1694482200000,4479.722,4479.722,4478.471,4479.704,13420
1694482260000,4479.482,4479.722,4478.24,4478.471,7320
1694482320000,4478.297,4478.739,4478.297,4478.721,4270
1694482380000,4478.986,4478.986,4478.486,4478.971,8540
1694482440000,4478.85,4479.232,4478.61,4478.73,10370
1694482500000,4478.986,4479.277,4478.739,4478.971,18910
1694482560000,4479.211,4479.214,4478.481,4478.481,10370
1694482620000,4478.24,4478.547,4478.231,4478.493,8540
1694482680000,4478.351,4478.499,4478.234,4478.24,6100
1694482740000,4478.502,4478.502,4478.246,4478.246,1220
1694482800000,4478.49,4478.736,4478.231,4478.736,12810
1694482860000,4478.971,4479.239,4478.481,4478.502,10980
1694482920000,4478.667,4479.037,4477.994,4478.003,9540
1694482980000,4477.762,4478.502,4477.762,4478.231,3050
1694483040000,4478.49,4478.986,4478.49,4478.746,4270
1694483100000,4478.971,4479.483,4478.971,4479.224,5490
1694483160000,4478.977,4479.242,4478.977,4479.242,6100
1694483220000,4478.992,4478.992,4478.737,4478.986,1830
1694483280000,4479.221,4479.492,4478.731,4479.489,9150
1694483340000,4479.347,4479.489,4478.737,4478.996,7930
1694483400000,4478.734,4478.981,4478.481,4478.493,12810
1694483460000,4478.25,4479.233,4478.25,4479.233,6100
1694483520000,4479.119,4479.236,4478.502,4478.502,4880
1694483580000,4478.262,4478.502,4478.253,4478.253,1830
1694483640000,4478.491,4479.002,4478.491,4478.797,2440
1694483700000,4478.99,4479.221,4478.734,4479.221,4270
1694483760000,4479.104,4479.287,4478.981,4479.047,9760
1694483820000,4478.749,4479.246,4478.749,4479.246,4880
1694483880000,4479.477,4479.787,4479.471,4479.733,10370
1694483940000,4479.48,4479.973,4479.231,4479.724,7930
1694484000000,4479.616,4479.787,4479.471,4479.742,9760
1694484060000,4479.471,4479.537,4479.24,4479.24,2440
1694484120000,4479.047,4479.249,4478.996,4478.999,4270
1694484180000,4478.744,4479.252,4478.744,4478.996,5490
1694484240000,4478.753,4479.489,4478.753,4479.237,7930
1694484300000,4479.484,4480.037,4479.484,4479.736,1830
1694484360000,4479.547,4480.476,4479.547,4480.464,5490
1694484420000,4480.711,4480.957,4480.47,4480.717,6710
1694484480000,4480.464,4480.47,4480.221,4480.221,6100
1694484540000,4480.461,4480.729,4480.221,4480.47,12810
1694484600000,4480.23,4480.723,4480.23,4480.723,1830
1694484660000,4480.969,4481.027,4480.482,4480.723,13420
1694484720000,4480.982,4481.222,4480.714,4480.967,7320
1694484780000,4480.843,4481.267,4480.717,4480.717,17690
1694484840000,4480.467,4480.777,4480.464,4480.464,6100
1694484900000,4480.723,4480.732,4480.464,4480.489,5490
1694484960000,4480.23,4481.454,4480.224,4481.204,7320
1694485020000,4480.967,4481.517,4480.967,4481.222,2440
1694485080000,4481.469,4481.767,4481.337,4481.767,3660
1694485140000,4481.463,4481.767,4481.214,4481.713,7930
1694485200000,4481.469,4481.962,4481.463,4481.962,4880
1694485260000,4481.707,4481.941,4481.472,4481.472,2440
1694485320000,4481.716,4481.716,4481.469,4481.713,1830
1694485380000,4481.463,4481.716,4481.217,4481.466,10980
1694485440000,4481.596,4481.767,4481.451,4481.71,7320
1694485500000,4481.457,4481.719,4481.451,4481.713,9760
1694485560000,4481.969,4481.969,4481.722,4481.963,6710
1694485620000,4482.197,4482.387,4482.197,4482.197,1830
1694485680000,4481.951,4481.951,4481.951,4481.951,610
1694485740000,4481.707,4481.951,4481.707,4481.71,1830
1694485800000,4481.467,4481.71,4481.467,4481.482,7930
1694485860000,4481.214,4481.482,4481.211,4481.211,5490
1694485920000,4481.1,4481.229,4480.977,4480.977,3050
1694485980000,4481.229,4481.767,4481.229,4481.72,3660
1694486040000,4481.602,4481.846,4481.473,4481.723,4880
1694486100000,4481.467,4481.482,4481.211,4481.482,1830
1694486160000,4481.214,4482.081,4481.214,4482.081,6710
1694486220000,4481.957,4482.219,4481.723,4482.219,6710
1694486280000,4481.96,4481.972,4481.726,4481.966,3050
1694486340000,4482.201,4482.463,4481.963,4482.46,6100
1694486400000,4482.204,4482.267,4481.96,4482.267,4880
1694486460000,4482.451,4482.451,4481.964,4481.964,1830
1694486520000,4482.087,4482.267,4481.961,4481.961,3050
1694486580000,4482.219,4482.219,4481.714,4482.216,6710
1694486640000,4481.982,4482.21,4481.964,4482.027,4880
1694486700000,4482.21,4482.222,4481.967,4481.982,8540
1694486760000,4482.207,4482.219,4481.964,4481.982,2440
1694486820000,4482.222,4482.267,4481.964,4481.964,12200
1694486880000,4482.087,4482.21,4481.717,4481.976,4270
1694486940000,4481.723,4482.211,4481.711,4482.211,7320
1694487000000,4482.457,4482.71,4482.457,4482.707,2440
1694487060000,4482.454,4482.722,4482.454,4482.46,7320
1694487240000,4482.22,4482.454,4482.22,4482.454,1220
1694487300000,4482.229,4482.517,4482.214,4482.277,5490
1694487360000,4482.677,4482.677,4482.389,4482.389,1220
1694487420000,4482.677,4482.864,4482.677,4482.864,1220
1694487600000,4483.132,4483.132,4482.623,4482.623,1830
1694487660000,4482.437,4482.437,4482.266,4482.386,1830
1694487720000,4482.139,4482.687,4482.139,4482.642,4880
1694487780000,4482.371,4482.882,4482.371,4482.864,15860
1694487840000,4482.741,4482.927,4482.63,4482.927,8540
1694487900000,4483.114,4483.366,4482.864,4483.357,6100
1694487960000,4483.361,4483.37,4482.882,4482.882,5490
1694488020000,4482.642,4482.879,4482.642,4482.642,6100
1694488080000,4482.876,4482.876,4482.63,4482.867,2440
1694488140000,4483.177,4483.177,4482.882,4482.882,1220
1694488200000,4482.877,4482.877,4482.137,4482.149,3660
1694488320000,4482.371,4482.63,4482.371,4482.38,6100
1694488380000,4482.519,4482.892,4482.383,4482.892,11590
1694488440000,4482.624,4482.886,4482.624,4482.886,4270
1694488500000,4482.639,4482.639,4482.639,4482.639,610
1694488560000,4482.871,4482.883,4482.624,4482.88,17080
1694488620000,4482.772,4482.877,4482.636,4482.874,3050
1694488740000,4482.642,4482.88,4482.642,4482.88,1220
1694488800000,4482.624,4482.886,4482.624,4482.687,3050
1694488860000,4482.39,4482.687,4482.381,4482.687,3660
1694488920000,4482.892,4483.136,4482.88,4483.121,8540
1694488980000,4483.379,4483.379,4482.874,4483.004,5490
1694489040000,4482.886,4483.013,4482.631,4482.631,8540
1694489100000,4482.402,4482.402,4482.402,4482.402,610
1694489160000,4482.637,4482.637,4482.637,4482.637,610
1694489220000,4482.889,4483.139,4482.889,4483.136,2440
1694489280000,4482.88,4482.88,4482.88,4482.88,610
1694489340000,4482.697,4482.889,4482.652,4482.652,4270
1694489400000,4482.766,4482.893,4482.381,4482.384,6710
1694489460000,4482.64,4482.64,4482.64,4482.64,610
1694489520000,4482.881,4483.121,4482.881,4483.01,1830
1694489580000,4483.13,4483.133,4482.902,4483.133,1830
1694489640000,4483.377,4484.129,4483.142,4483.861,6100
1694489700000,4484.057,4484.357,4483.87,4484.12,6710
1694489760000,4484,4484.132,4483.861,4483.867,7930
1694489820000,4483.636,4483.864,4483.627,4483.639,9760
1694489880000,4483.879,4483.927,4483.63,4483.633,7930
1694489940000,4483.876,4484.126,4483.621,4483.621,2440
1694490000000,4483.886,4483.886,4483.886,4483.886,610
1694490060000,4484.132,4484.132,4483.874,4484.114,4880
1694490120000,4484.37,4484.37,4483.892,4483.892,3660
1694490180000,4483.687,4484.111,4483.371,4484.111,3050
1694490240000,4484.367,4484.367,4484.117,4484.361,3660
1694490300000,4484.626,4484.857,4484.376,4484.614,3660
1694490360000,4484.364,4484.629,4484.12,4484.364,9150
1694490420000,4484.111,4484.626,4484.111,4484.382,6100
1694490480000,4484.62,4484.863,4484.367,4484.611,10980
1694490540000,4484.917,4484.917,4484.614,4484.614,1830
1694490600000,4484.74,4485.122,4484.611,4485.122,5490
1694490660000,4485.233,4485.233,4484.611,4484.879,3050
1694490720000,4484.746,4484.876,4484.623,4484.629,6710
1694490840000,4484.376,4484.623,4484.376,4484.62,3050
1694490900000,4484.864,4484.87,4484.623,4484.623,2440
1694491200000,4484.377,4484.882,4484.377,4484.882,1830
1694491260000,4485.117,4485.246,4484.873,4485.132,4880
1694491320000,4485.246,4485.61,4485.114,4485.354,4880
1694491380000,4485.111,4485.351,4485.111,4485.351,3050
1694491440000,4485.132,4485.132,4484.873,4485.117,2440
1694491500000,4484.997,4485.177,4484.864,4484.87,6100
1694491560000,4485.129,4485.132,4484.861,4485.132,8540
1694491620000,4485.237,4485.622,4485.237,4485.622,1830
1694491680000,4485.382,4485.619,4485.364,4485.427,3660
1694491740000,4485.616,4485.616,4485.376,4485.376,1220
1694491800000,4485.111,4485.111,4485.111,4485.111,610
1694491860000,4485.382,4485.382,4485.111,4485.361,6710
1694491920000,4485.12,4485.376,4484.753,4485.117,4880
1694491980000,4485.379,4485.427,4484.877,4484.877,10980
1694492040000,4485.126,4485.126,4484.877,4484.883,3660
1694492100000,4484.624,4484.883,4484.624,4484.633,1830
1694492160000,4484.384,4484.687,4484.143,4484.143,6710
1694492220000,4483.902,4483.947,4483.641,4483.641,4880
1694492280000,4483.89,4484.146,4483.641,4483.641,2440
1694492340000,4483.887,4483.887,4483.659,4483.659,1830
1694492400000,4483.524,4483.644,4483.397,4483.641,4270
1694492460000,4483.406,4483.406,4483.406,4483.406,610
1694492520000,4483.169,4483.403,4483.169,4483.217,1830
1694492580000,4483.403,4483.65,4483.403,4483.416,3050
1694492640000,4483.16,4483.16,4483.16,4483.16,610
1694492700000,4482.913,4483.172,4482.91,4482.967,4270
1694492760000,4482.562,4482.562,4482.414,4482.414,1220
1694492820000,4482.192,4482.477,4482.192,4482.477,1220
1694492880000,4482.186,4482.432,4482.186,4482.414,2440
1694492940000,4482.357,4482.673,4482.177,4482.426,8540
1694493000000,4482.559,4482.76,4482.559,4482.76,1830
1694493060000,4483.022,4483.022,4482.517,4482.637,3050
1694493120000,4482.754,4482.754,4482.222,4482.694,3660
1694493180000,4482.826,4482.947,4482.709,4482.709,1830
1694493240000,4482.947,4482.953,4482.709,4482.953,2440
1694493300000,4482.82,4482.947,4482.757,4482.947,1830
1694493360000,4482.7,4482.947,4482.7,4482.706,2440
1694493420000,4482.95,4482.95,4482.517,4482.517,4270
1694493480000,4482.691,4482.691,4482.219,4482.219,2440
1694493660000,4482.454,4482.517,4482.207,4482.463,3050
1694493840000,4482.213,4482.213,4482.213,4482.213,610
1694493900000,4482.472,4482.472,4482.211,4482.466,3660
1694493960000,4482.349,4482.517,4482.217,4482.217,4270
1694494080000,4482.451,4482.451,4482.451,4482.451,610
1694494140000,4482.22,4482.226,4481.964,4482.223,7320
1694494260000,4482.457,4482.713,4482.457,4482.713,1220
1694494320000,4482.469,4482.71,4482.469,4482.71,1220
1694494380000,4483.017,4483.212,4482.951,4483.092,2440
1694494440000,4482.96,4483.137,4482.957,4482.957,1830
1694494500000,4482.716,4482.966,4482.716,4482.966,1220
1694494620000,4482.707,4482.707,4482.479,4482.479,1220
1694494680000,4482.211,4482.464,4481.977,4482.217,4270
1694494740000,4481.971,4482.217,4481.971,4482.217,3660
1694494800000,4482.482,4482.482,4482.214,4482.214,1220
1694494860000,4482.103,4482.277,4481.61,4481.974,8540
1694494920000,4481.727,4481.992,4481.721,4481.733,3050
1694494980000,4481.547,4481.736,4481.484,4481.736,2440
1694495040000,4481.986,4481.986,4481.484,4481.724,3660
1694495100000,4481.487,4481.487,4481.24,4481.297,2440
1694495160000,4481.003,4481.003,4481.003,4481.003,610
1694495220000,4480.747,4481.496,4480.741,4481.243,9150
1694495340000,4481.499,4481.499,4481.24,4481.24,1220
1694495400000,4481.012,4481.012,4480.756,4480.997,1830
1694495460000,4481.243,4481.547,4481.012,4481.246,6710
1694495520000,4481.493,4481.547,4481.231,4481.547,8540
1694495580000,4481.231,4481.496,4481.231,4481.256,6100
1694495640000,4481.376,4481.547,4481.241,4481.247,5490
1694495700000,4481.502,4481.917,4481.364,4481.614,11590
1694495760000,4481.917,4481.917,4481.62,4481.869,1830
1694495820000,4481.617,4481.866,4481.617,4481.866,2440
1694495880000,4481.62,4481.62,4481.376,4481.376,1220
1694495940000,4481.614,4481.851,4481.614,4481.851,1220
1694496000000,4482.101,4482.354,4482.101,4482.104,1830
1694496060000,4481.866,4482.354,4481.866,4482.104,4880
1694496120000,4482.366,4482.366,4482.366,4482.366,610
1694496180000,4482.6,4483.852,4482.594,4483.852,9150
1694496240000,4483.599,4483.849,4483.397,4483.581,3660
1694496300000,4483.897,4483.897,4483.106,4483.106,6100
1694496360000,4482.862,4482.862,4482.36,4482.36,1830
1694496420000,4482.616,4483.157,4482.616,4482.862,7320
1694496480000,4483.1,4483.407,4483.1,4483.407,3660
1694496540000,4483.103,4483.353,4482.607,4482.607,4880
1694496600000,4482.847,4482.847,4482.249,4482.48,6100
1694496660000,4482.619,4482.847,4481.99,4482.047,11590
1694496720000,4481.756,4482.072,4481.75,4482.06,13420
1694496780000,4481.81,4482.276,4481.81,4482.276,4880
1694496840000,4482.162,4482.52,4481.957,4482.264,6710
1694496900000,4482.532,4482.791,4482.261,4482.791,3660
1694496960000,4483.046,4483.097,4482.724,4482.8,6100
1694497020000,4483.052,4483.052,4482.787,4482.787,7930
1694497080000,4482.98,4482.98,4482.493,4482.673,6100
1694497140000,4482.857,4482.857,4482.511,4482.776,8540
1694497200000,4482.697,4483.022,4482.261,4482.391,10370
1694497260000,4482.282,4482.869,4482.282,4482.379,6100
1694497320000,4482.613,4483.092,4482.424,4483.092,6100
1694497380000,4483.32,4483.377,4483.067,4483.067,3050
1694497440000,4482.779,4482.794,4482.767,4482.767,1830
1694497500000,4482.52,4483.269,4482.52,4483.269,2440
1694497560000,4483.032,4483.272,4483.014,4483.05,4270
1694497620000,4483.011,4483.522,4483.011,4483.519,6100
1694497680000,4483.772,4483.994,4483.751,4483.751,2570
1694497740000,4483.501,4483.51,4482.533,4483.251,12200
1694497800000,4483.507,4483.567,4482.77,4483.029,5490
1694497860000,4483.254,4483.254,4482.773,4482.773,3660
1694497920000,4483.032,4483.062,4482.764,4483.062,4880
1694497980000,4483.294,4483.294,4482.737,4482.737,2440
1694498040000,4482.999,4483.062,4482.551,4482.551,7320
1694498100000,4483.077,4483.077,4482.822,4483.053,2440
1694498160000,4482.819,4483.24,4482.749,4483.24,5010
1694498220000,4482.981,4483.54,4482.981,4483.537,7930
1694498280000,4483.559,4483.559,4483.489,4483.489,1830
1694498340000,4483.24,4483.357,4482.987,4483.303,4880
1694498400000,4483.547,4484.052,4482.984,4483.559,66020
1694498460000,4483.796,4483.796,4482.744,4483.047,24300
1694498520000,4482.747,4482.754,4482.26,4482.754,27000
1694498580000,4482.702,4482.817,4482.507,4482.817,18900
1694498640000,4482.991,4483.012,4482.687,4482.687,45900
1694498700000,4482.886,4483.172,4482.651,4483.127,21600
1694498760000,4482.937,4483.133,4482.624,4483.133,27000
1694498820000,4483.157,4483.163,4482.67,4482.67,18900
1694498880000,4482.88,4483.172,4482.871,4483.172,35100
1694498940000,4482.919,4482.919,4482.673,4482.682,18900
1694499000000,4482.64,4483.361,4482.64,4483.13,32400
1694499060000,4483.199,4483.936,4483.199,4483.68,35100
1694499120000,4483.936,4484.429,4483.819,4484.429,29700
1694499180000,4484.381,4484.447,4484.131,4484.411,21600
1694499240000,4484.357,4484.426,4484.141,4484.15,29700
1694499300000,4484.39,4485.166,4484.39,4484.914,78300
1694499360000,4485.16,4485.404,4484.649,4484.661,32400
1694499420000,4484.414,4484.652,4484.402,4484.652,8100
1694499480000,4484.387,4484.649,4484.381,4484.423,21600
1694499540000,4484.306,4484.432,4484.171,4484.426,32400
1694499600000,4484.436,4485.187,4484.436,4484.893,43200
1694499660000,4484.932,4484.932,4484.634,4484.902,32400
1694499720000,4484.697,4484.697,4483.894,4483.894,32400
1694499780000,4484.087,4484.183,4483.912,4484.063,21600
1694499840000,4484.237,4484.237,4483.93,4484.204,16200
1694499900000,4484.237,4484.237,4483.651,4483.897,29700
1694499960000,4483.783,4484.18,4483.783,4484.18,18900
1694500020000,4484.06,4484.183,4483.916,4484.183,18900
1694500080000,4484.421,4484.652,4484.141,4484.406,40500
1694500140000,4484.532,4484.917,4484.403,4484.707,21600
1694500200000,4484.394,4484.487,4484.174,4484.237,27000
1694500260000,4484.307,4484.517,4484.141,4484.181,54000
1694500320000,4484.313,4484.313,4483.693,4483.907,18900
1694500380000,4483.847,4484.436,4483.672,4484.436,29700
1694500440000,4484.193,4484.977,4484.193,4484.977,21600
1694500500000,4484.921,4485.429,4482.921,4483.161,78300
1694500560000,4482.93,4483.697,4482.924,4483.697,37800
1694500620000,4483.651,4484.021,4483.651,4483.951,10800
1694500680000,4484.209,4484.233,4483.509,4483.509,18900
1694500740000,4483.307,4483.307,4482.994,4483.244,32400
1694500800000,4483.121,4483.752,4483.121,4483.743,27000
1694500860000,4483.996,4483.996,4483.996,4483.996,2700
1694500920000,4484.243,4484.243,4484.243,4484.243,2700
1694500980000,4484.604,4484.604,4483.957,4484.216,43200
1694501040000,4483.957,4484.167,4483.957,4483.984,10800
1694501100000,4484.101,4484.101,4483.737,4483.737,16200
1694501160000,4483.44,4483.927,4483.44,4483.807,67500
1694501220000,4483.723,4483.777,4483.464,4483.509,18900
1694501280000,4483.753,4483.873,4483.497,4483.732,27000
1694501340000,4483.741,4483.987,4483.741,4483.756,10800
1694501400000,4484.002,4484.472,4483.984,4484.222,21600
1694501460000,4484.457,4484.517,4484.204,4484.351,35100
1694501520000,4484.243,4484.959,4484.237,4484.959,45900
1694501580000,4484.691,4484.703,4484.454,4484.484,21600
1694501640000,4484.74,4484.74,4484.46,4484.46,13500
1694501700000,4484.349,4484.487,4483.513,4483.513,48600
1694501760000,4483.762,4484.827,4483.513,4484.716,64800
1694501820000,4485.007,4485.203,4484.701,4484.713,48600
1694501880000,4484.749,4484.749,4484.46,4484.466,24300
1694501940000,4484.707,4484.707,4483.51,4483.51,35100
1694502000000,4483.75,4484.986,4483.741,4484.484,156600
1694502060000,4484.262,4485.23,4483.871,4484.731,105300
1694502120000,4485.047,4485.047,4483.263,4483.269,99900
1694502180000,4483.399,4484.262,4482.981,4482.981,105300
1694502240000,4483.221,4483.233,4482.481,4482.776,89100
1694502300000,4482.271,4483.287,4482.247,4483.239,145800
1694502360000,4483.101,4483.477,4481.254,4481.757,118800
1694502420000,4481.991,4482.587,4481.477,4482.277,83700
1694502480000,4482.539,4482.539,4481.787,4481.802,113400
1694502540000,4482.097,4482.289,4481.261,4481.264,113400
1694502600000,4481.504,4481.847,4479.552,4479.552,143100
1694502660000,4479.303,4479.303,4478.569,4479.137,78300
1694502720000,4479.333,4479.7,4477.826,4478.557,151200
1694502780000,4478.819,4479.011,4478.277,4478.337,97200
1694502840000,4478.407,4479.757,4478.271,4478.509,86400
1694502900000,4478.247,4479.817,4477.526,4479.523,175500
1694502960000,4479.447,4479.577,4477.751,4478.75,118800
1694503020000,4478.491,4479.577,4478.491,4479.023,113400
1694503080000,4479.153,4479.854,4478.774,4479.724,59400
1694503140000,4479.983,4480.22,4479.487,4479.487,91800
1694503200000,4479.989,4480.23,4478.524,4478.771,124200
1694503260000,4478.762,4479.646,4478.512,4479.517,86400
1694503320000,4479.634,4480.01,4479.264,4479.773,64800
1694503380000,4479.73,4479.974,4479.021,4479.036,75600
1694503440000,4479.27,4479.27,4476.789,4477.532,135000
1694503500000,4477.391,4478.004,4476.78,4476.78,83700
1694503560000,4476.534,4477.776,4476.329,4476.57,70200
1694503620000,4476.314,4476.816,4476.089,4476.774,62100
1694503680000,4476.657,4477.544,4476.531,4477.304,102600
1694503740000,4477.171,4477.367,4476.814,4476.877,51300
1694503800000,4476.573,4477.054,4475.827,4475.836,105300
1694503860000,4476.08,4476.08,4475.057,4475.791,94500
1694503920000,4475.554,4476.579,4475.424,4476.071,99900
1694503980000,4476.056,4476.814,4476.056,4476.327,62100
1694504040000,4476.57,4477.06,4476.546,4477.027,54000
1694504100000,4476.802,4477.289,4476.447,4476.832,91800
1694504160000,4476.576,4477.193,4476.573,4477.067,56700
1694504220000,4477.033,4478.303,4476.784,4478.047,62100
1694504280000,4478.303,4479.337,4478.303,4478.751,99900
1694504340000,4479.003,4479.262,4478.261,4478.516,113400
1694504400000,4478.447,4479.049,4478.017,4479.049,72900
1694504460000,4479.337,4479.797,4478.79,4479.5,54000
1694504520000,4479.749,4480.282,4479.262,4480.047,54000
1694504580000,4479.747,4480.541,4479.747,4479.867,48600
1694504640000,4480.041,4480.107,4479.801,4480.107,51300
1694504700000,4479.816,4480.017,4478.781,4478.781,54000
1694504760000,4478.673,4479.293,4478.589,4478.589,51300
1694504820000,4478.532,4478.532,4477.563,4477.81,83700
1694504880000,4478.066,4478.309,4477.554,4477.813,56700
1694504940000,4477.936,4478.273,4477.78,4477.837,35100
1694505000000,4478.06,4478.312,4477.32,4477.533,99900
1694505060000,4477.287,4477.587,4476.541,4476.887,70200
1694505120000,4476.962,4477.323,4476.541,4476.541,45900
1694505180000,4476.812,4476.842,4476.054,4476.054,97200
1694505240000,4475.822,4477.082,4475.801,4477.061,102600
1694505300000,4476.571,4477.071,4476.571,4476.836,75600
1694505360000,4476.586,4476.887,4476.06,4476.307,108000
1694505420000,4476.054,4477.044,4476.054,4476.58,48600
1694505480000,4476.833,4476.839,4476.31,4476.806,32400
1694505540000,4476.821,4477.377,4476.58,4476.806,54000
1694505600000,4476.559,4476.812,4476.057,4476.09,86400
1694505660000,4475.859,4475.862,4474.62,4474.833,81000
1694505720000,4475.08,4476.316,4475.08,4475.351,81000
1694505780000,4475.657,4475.657,4474.217,4474.581,54000
1694505840000,4474.469,4475.077,4474.352,4474.864,78300
1694505900000,4474.752,4475.239,4474.611,4474.824,91800
1694505960000,4475.086,4475.086,4474.097,4474.587,62100
1694506020000,4474.346,4474.864,4474.343,4474.617,40500
1694506080000,4474.882,4475.471,4474.629,4475.083,67500
1694506140000,4474.852,4475.616,4474.647,4475.351,59400
1694506200000,4475.113,4475.616,4474.629,4474.882,37800
1694506260000,4474.897,4475.592,4474.644,4475.592,56700
1694506320000,4475.333,4476.35,4475.167,4476.35,35100
1694506380000,4476.097,4476.849,4476.097,4476.554,78300
1694506440000,4476.822,4477.083,4476.557,4476.81,43200
1694506500000,4476.554,4477.147,4476.311,4476.599,62100
1694506560000,4476.353,4476.617,4476.311,4476.572,54000
1694506620000,4476.59,4477.33,4476.59,4477.099,40500
1694506680000,4477.387,4477.607,4476.849,4477.387,43200
1694506740000,4477.216,4478.419,4477.216,4478.097,78300
1694506800000,4478.073,4478.563,4478.073,4478.079,18900
1694506860000,4478.311,4478.804,4478.287,4478.311,51300
1694506920000,4478.064,4478.867,4478.064,4478.867,29700
1694506980000,4478.997,4479.55,4478.813,4479.294,32400
1694507040000,4479.562,4479.827,4478.801,4478.801,64800
1694507100000,4478.946,4479.556,4478.81,4479.279,62100
1694507160000,4479.274,4479.803,4479.274,4479.391,54000
1694507220000,4479.514,4479.782,4479.021,4479.06,72900
1694507280000,4479.042,4479.042,4478.062,4478.543,45900
1694507340000,4478.347,4479.057,4478.281,4479.057,32400
1694507400000,4478.877,4478.877,4476.57,4476.856,64800
1694507460000,4476.729,4477.117,4476.567,4476.567,75600
1694507520000,4476.82,4476.82,4476.351,4476.363,56700
1694507580000,4476.101,4476.101,4475.617,4475.839,18900
1694507640000,4475.71,4476.119,4475.611,4475.617,43200
1694507700000,4475.599,4476.167,4475.593,4475.867,48600
1694507760000,4475.632,4476.697,4475.632,4476.64,62100
1694507820000,4476.399,4477.073,4476.339,4476.609,70200
1694507880000,4476.537,4476.613,4476.327,4476.327,35100
1694507940000,4476.083,4476.342,4475.861,4476.11,54000
1694508000000,4475.996,4476.826,4475.87,4476.826,43200
1694508060000,4476.637,4476.862,4476.574,4476.613,29700
1694508120000,4476.36,4476.586,4476.089,4476.33,72900
1694508180000,4476.074,4476.811,4476.074,4476.583,35100
1694508240000,4476.324,4476.387,4475.846,4476.132,51300
1694508300000,4475.981,4476.147,4474.86,4474.863,59400
1694508360000,4474.887,4475.626,4474.27,4475.377,67500
1694508420000,4475.359,4475.636,4475.094,4475.437,21600
1694508480000,4475.633,4476.577,4475.633,4476.327,40500
1694508540000,4476.204,4476.622,4476.081,4476.622,64800
1694508600000,4476.351,4477.356,4476.114,4477.356,62100
1694508660000,4477.224,4478.333,4477.094,4478.087,45900
1694508720000,4477.84,4478.09,4476.637,4477.377,86400
1694508780000,4477.344,4477.476,4476.833,4476.833,21600
1694508840000,4476.574,4476.589,4475.612,4475.883,45900
1694508900000,4475.633,4476.177,4475.633,4476.177,35100
1694508960000,4476.382,4476.86,4476.147,4476.397,59400
1694509020000,4476.087,4476.622,4476.087,4476.367,27000
1694509080000,4476.12,4476.126,4475.871,4475.871,16200
1694509140000,4475.633,4475.889,4475.633,4475.853,8100
1694509200000,4475.726,4476.123,4475.387,4475.393,45900
1694509260000,4475.522,4476.893,4475.384,4476.647,83700
1694509320000,4476.391,4477.636,4476.391,4477.573,27000
1694509380000,4477.441,4478.334,4477.441,4477.85,29700
1694509440000,4478.094,4478.157,4477.594,4477.594,40500
1694509500000,4477.354,4477.856,4477.104,4477.597,62100
1694509560000,4477.351,4477.369,4476.677,4477.071,54000
1694509620000,4477.321,4477.57,4476.373,4476.427,64800
1694509680000,4476.497,4476.614,4476.37,4476.584,10800
1694509740000,4476.346,4476.382,4475.88,4476.124,24300
1694509800000,4476.106,4476.106,4475.607,4475.607,21600
1694509860000,4475.856,4476.437,4475.856,4475.892,40500
1694509920000,4475.769,4475.889,4475.622,4475.859,40500
1694509980000,4476.157,4476.629,4475.881,4475.881,27000
1694510040000,4475.643,4475.902,4475.384,4475.862,40500
1694510100000,4476.157,4476.157,4475.724,4476.121,40500
1694510160000,4475.902,4475.902,4475.601,4475.616,64800
1694510220000,4475.649,4475.881,4475.649,4475.881,5400
1694510280000,4475.643,4475.643,4475.12,4475.12,24300
1694510340000,4474.873,4474.912,4474.663,4474.663,27000
1694510400000,4474.467,4474.927,4474.401,4474.927,40500
1694510460000,4475.114,4475.376,4474.633,4475.111,35100
1694510520000,4475.37,4475.697,4475.114,4475.697,32400
1694510580000,4475.4,4475.899,4474.864,4474.864,62100
1694510640000,4474.919,4474.967,4474.621,4474.892,56700
1694510700000,4475.123,4475.656,4475.123,4475.656,18900
1694510760000,4475.893,4477.683,4475.893,4477.304,32400
1694510820000,4477.054,4477.442,4476.206,4476.501,75600
1694510880000,4476.266,4477.057,4476.266,4476.711,51300
1694510940000,4476.97,4478.167,4476.97,4476.997,18900
1694511000000,4476.766,4477.617,4475.941,4475.941,37800
1694511060000,4475.697,4476.01,4475.264,4475.273,27000
1694511120000,4475.52,4475.529,4475.24,4475.493,29700
1694511180000,4475.237,4475.547,4473.033,4473.261,72900
1694511240000,4473.511,4474.266,4473.511,4473.827,56700
1694511300000,4474.257,4475.523,4474.007,4475.237,67500
1694511360000,4475.361,4475.487,4474.519,4475,51300
1694511420000,4475.234,4475.234,4474.663,4474.907,21600
1694511480000,4474.672,4475.664,4474.657,4474.937,72900
1694511540000,4475.117,4475.189,4474.931,4474.934,37800
1694511600000,4474.91,4475.697,4474.91,4475.436,70200
1694511660000,4475.55,4475.926,4475.162,4475.644,35100
1694511720000,4475.68,4476.011,4475.421,4475.902,29700
1694511780000,4475.641,4476.429,4475.641,4476.161,32400
1694511840000,4476.417,4476.432,4476.161,4476.161,35100
1694511900000,4476.134,4476.396,4475.641,4475.683,27000
1694511960000,4475.487,4476.642,4475.184,4476.642,37800
1694512020000,4476.381,4476.937,4476.227,4476.663,40500
1694512080000,4476.426,4477.121,4476.423,4477.121,32400
1694512140000,4477.364,4477.707,4477.121,4477.707,37800
1694512200000,4477.542,4478.393,4477.376,4478.393,81000
1694512260000,4478.429,4478.676,4476.94,4476.94,21600
1694512320000,4476.709,4476.943,4475.891,4476.179,70200
1694512380000,4476.047,4476.661,4476.047,4476.42,27000
1694512440000,4476.676,4476.697,4476.676,4476.697,5400
1694512500000,4476.871,4477.217,4476.152,4476.414,45900
1694512560000,4476.309,4476.664,4476.18,4476.664,29700
1694512620000,4476.646,4477.419,4476.399,4477.419,43200
1694512680000,4477.217,4477.864,4477.217,4477.632,48600
1694512740000,4477.374,4477.629,4476.634,4476.887,18900
1694512800000,4476.631,4477.377,4476.162,4477.272,91800
1694512860000,4477.377,4477.617,4477.13,4477.374,51300
1694512920000,4477.677,4477.677,4477.38,4477.389,16200
1694512980000,4477.63,4477.927,4477.371,4477.879,27000
1694513040000,4477.621,4477.927,4477.374,4477.927,45900
1694513100000,4478.361,4478.37,4478.111,4478.117,18900
1694513160000,4477.876,4477.876,4477.136,4477.642,43200
1694513220000,4478.12,4478.177,4477.38,4477.386,32400
1694513280000,4477.137,4477.437,4476.896,4477.14,32400
1694513340000,4476.947,4477.152,4476.391,4476.391,29700
1694513400000,4476.64,4477.149,4476.637,4477.149,27000
1694513460000,4477.272,4477.642,4476.764,4476.896,45900
1694513520000,4477.032,4477.137,4476.653,4476.896,24300
1694513580000,4476.773,4477.38,4476.656,4476.89,56700
1694513640000,4477.011,4478,4477.011,4477.883,56700
1694513700000,4478.057,4478.177,4477.594,4477.687,70200
1694513760000,4477.88,4478.196,4477.621,4477.919,54000
1694513820000,4478.166,4478.647,4477.844,4478.379,67500
1694513880000,4478.614,4478.887,4478.34,4478.34,29700
1694513940000,4478.427,4478.427,4476.647,4477.122,32400
1694514000000,4476.876,4477.841,4476.659,4476.897,45900
1694514060000,4476.653,4476.882,4476.617,4476.864,62100
1694514120000,4476.906,4477.657,4476.882,4477.372,32400
1694514180000,4477.387,4477.937,4477.146,4477.697,43200
1694514240000,4477.883,4477.883,4477.643,4477.844,13500
1694514300000,4477.98,4478.187,4477.88,4477.886,27000
1694514360000,4477.85,4478.142,4477.847,4477.883,48600
1694514420000,4477.649,4477.937,4477.384,4477.619,32400
1694514480000,4477.847,4477.896,4477.649,4477.649,13500
1694514540000,4477.387,4478.142,4477.387,4477.631,70200
1694514600000,4477.402,4478.136,4477.387,4477.872,81000
1694514660000,4478.103,4478.103,4477.601,4477.601,18900
1694514720000,4478.097,4478.642,4478.097,4478.639,27000
1694514780000,4478.882,4479.917,4478.882,4479.616,62100
1694514840000,4479.351,4479.872,4478.597,4478.834,51300
1694514900000,4479.084,4479.604,4478.371,4478.371,56700
1694514960000,4478.624,4478.849,4478.1,4478.344,37800
1694515020000,4478.157,4478.636,4477.881,4478.371,48600
1694515080000,4478.636,4478.867,4478.377,4478.377,24300
1694515140000,4478.14,4478.897,4478.14,4478.603,21600
1694515200000,4478.846,4478.846,4477.881,4478.14,51300
1694515260000,4478.113,4478.422,4477.851,4477.863,43200
1694515320000,4478.122,4478.122,4476.621,4477.409,121500
1694515380000,4477.271,4478.437,4476.904,4477.857,43200
1694515440000,4477.893,4477.893,4476.423,4476.663,102600
1694515500000,4476.423,4476.633,4476.167,4476.633,37800
1694515560000,4476.402,4476.633,4475.89,4476.393,48600
1694515620000,4476.197,4476.197,4475.881,4476.137,59400
1694515680000,4475.906,4476.152,4475.65,4476.146,37800
1694515740000,4476.254,4476.769,4476.137,4476.63,51300
1694515800000,4476.871,4477.136,4476.633,4476.687,32400
1694515860000,4476.64,4477.142,4476.631,4477.139,35100
1694515920000,4477.364,4477.864,4477.187,4477.379,18900
1694515980000,4477.187,4477.632,4477.124,4477.127,40500
1694516040000,4476.877,4477.377,4476.631,4476.88,37800
1694516100000,4477.016,4478.116,4476.874,4478.116,29700
1694516160000,4477.879,4478.613,4477.879,4478.369,29700
1694516220000,4478.234,4478.36,4478.101,4478.357,18900
1694516280000,4478.61,4478.847,4478.417,4478.847,13500
1694516340000,4479.112,4479.157,4478.844,4479.097,29700
1694516400000,4479.353,4479.353,4478.372,4478.607,37800
1694516460000,4478.484,4478.484,4477.624,4478.132,43200
1694516520000,4478.002,4478.369,4477.127,4477.133,54000
1694516580000,4476.902,4477.127,4476.637,4477.127,45900
1694516640000,4477.437,4478.363,4477.374,4478.177,48600
1694516700000,4478.231,4479.157,4478.117,4478.872,37800
1694516760000,4478.667,4478.866,4478.174,4478.174,27000
1694516820000,4477.997,4478.442,4477.864,4478.144,21600
1694516880000,4478.406,4478.406,4477.651,4478.129,35100
1694516940000,4478.376,4478.652,4478.117,4478.652,29700
1694517000000,4478.761,4479.374,4478.619,4478.619,40500
1694517060000,4478.502,4478.644,4478.144,4478.391,24300
1694517120000,4477.901,4478.394,4477.901,4478.15,27000
1694517180000,4477.904,4478.65,4477.871,4478.177,51300
1694517240000,4478.379,4478.857,4478.361,4478.653,40500
1694517300000,4478.403,4478.899,4478.12,4478.37,64800
1694517360000,4478.412,4478.412,4477.657,4478.172,45900
1694517420000,4477.916,4477.916,4477.426,4477.426,24300
1694517480000,4477.176,4477.423,4476.644,4477.197,56700
1694517540000,4477.176,4477.176,4476.403,4476.403,18900
1694517600000,4476.16,4476.683,4476.16,4476.457,18900
1694517660000,4476.169,4476.761,4475.91,4476.449,43200
1694517720000,4476.307,4476.452,4475.441,4475.441,62100
1694517780000,4475.324,4475.462,4473.697,4473.697,72900
1694517840000,4473.444,4473.787,4473.204,4473.417,102600
1694517900000,4473.537,4473.724,4473.231,4473.231,48600
1694517960000,4473.486,4474.223,4473.471,4474.184,75600
1694518020000,4473.944,4475.192,4473.941,4474.473,97200
1694518080000,4474.777,4475.444,4474.461,4475.201,67500
1694518140000,4475.441,4475.757,4474.963,4475.414,72900
1694518200000,4475.177,4475.177,4474.181,4474.242,78300
1694518260000,4474.202,4475.002,4474.202,4474.759,32400
1694518320000,4474.702,4474.942,4474.187,4474.72,78300
1694518380000,4474.461,4474.714,4473.977,4474.696,32400
1694518440000,4474.437,4474.777,4474.437,4474.479,62100
1694518500000,4474.227,4474.257,4473.703,4474.239,64800
1694518560000,4473.971,4474.696,4473.971,4474.434,48600
1694518620000,4474.573,4475.207,4474.242,4474.242,56700
1694518680000,4473.974,4474.44,4473.749,4474.44,51300
1694518740000,4474.687,4474.717,4473.989,4474.212,37800
1694518800000,4474.444,4475.222,4474.444,4474.97,40500
1694518860000,4474.714,4474.982,4474.483,4474.597,67500
1694518920000,4474.717,4475.232,4473.981,4474.242,64800
1694518980000,4474.047,4474.432,4474.047,4474.423,21600
1694519040000,4474.164,4474.952,4474.164,4474.946,40500
1694519100000,4474.811,4474.943,4473.671,4473.924,43200
1694519160000,4473.966,4474.017,4473.427,4473.737,27000
1694519220000,4473.442,4473.683,4472.976,4473.472,27000
1694519280000,4473.217,4473.936,4473.217,4473.674,37800
1694519340000,4473.707,4473.954,4473.214,4473.737,59400
1694519400000,4473.19,4473.527,4472.832,4473.027,45900
1694519460000,4472.739,4472.976,4472.447,4472.537,45900
1694519520000,4472.369,4472.787,4472.297,4472.507,35100
1694519580000,4472.207,4472.742,4472.204,4472.742,48600
1694519640000,4472.989,4473.479,4472.721,4473.202,75600
1694519700000,4472.941,4473.527,4472.709,4473.217,59400
1694519760000,4472.989,4473.067,4472.511,4472.76,75600
1694519820000,4472.691,4473.214,4472.691,4472.971,40500
1694519880000,4472.727,4472.98,4472.204,4472.98,40500
1694519940000,4472.86,4473.037,4472.49,4472.697,45900
1694520000000,4472.463,4472.757,4471.957,4472.249,110700
1694520060000,4472.49,4473.572,4472.231,4473.437,94500
1694520120000,4473.693,4473.951,4473.227,4473.729,64800
1694520180000,4473.897,4474.017,4472.986,4473.242,35100
1694520240000,4473.476,4473.476,4472.757,4472.947,21600
1694520300000,4473.257,4473.732,4473.224,4473.732,37800
1694520360000,4473.852,4474.7,4473.72,4473.961,35100
1694520420000,4473.612,4473.777,4473.2,4473.72,67500
1694520480000,4473.474,4473.97,4472.98,4473.492,54000
1694520540000,4473.233,4473.934,4472.701,4473.747,86400
1694520600000,4473.946,4474.027,4473.447,4473.72,99900
1694520660000,4473.907,4473.967,4473.459,4473.681,37800
1694520720000,4473.444,4474.959,4473.444,4474.433,62100
1694520780000,4474.247,4474.517,4473.934,4474.517,27000
1694520840000,4474.229,4474.436,4473.931,4474.436,51300
1694520900000,4474.319,4475.167,4474.027,4474.223,102600
1694520960000,4474.331,4474.463,4473.964,4474.319,72900
1694521020000,4474.424,4475.203,4474.307,4475.017,54000
1694521080000,4474.719,4475.477,4474.719,4475.203,51300
1694521140000,4474.71,4475.173,4474.424,4474.686,56700
1694521200000,4474.44,4475.444,4474.211,4474.527,72900
1694521260000,4474.226,4475.492,4474.226,4475.17,51300
1694521320000,4475.219,4475.694,4474.951,4475.414,48600
1694521380000,4475.676,4475.676,4474.467,4474.951,81000
1694521440000,4475.213,4475.916,4474.951,4475.916,56700
1694521500000,4476.157,4476.193,4475.444,4475.941,86400
1694521560000,4475.706,4475.962,4475.336,4475.697,91800
1694521620000,4475.947,4476.467,4475.453,4476.217,37800
1694521680000,4476.527,4477.189,4476.443,4476.972,56700
1694521740000,4477.219,4477.219,4476.431,4476.431,54000
1694521800000,4476.557,4476.966,4476.181,4476.431,91800
1694521860000,4476.687,4476.693,4475.249,4475.787,54000
1694521920000,4475.992,4476.479,4475.472,4476.037,81000
1694521980000,4476.239,4477.204,4475.98,4477.18,72900
1694522040000,4476.921,4477.947,4476.921,4477.469,72900
1694522100000,4477.7,4478.443,4477.694,4477.694,59400
1694522160000,4477.472,4477.727,4477.18,4477.43,62100
1694522220000,4477.463,4478.176,4477.222,4477.929,32400
1694522280000,4478.182,4478.413,4477.664,4478.007,59400
1694522340000,4477.713,4478.497,4477.713,4478.416,40500
1694522400000,4478.41,4479.737,4478.41,4479.421,105300
1694522460000,4479.174,4479.487,4478.907,4479.153,51300
1694522520000,4478.913,4479.15,4478.209,4478.447,59400
1694522580000,4478.949,4478.949,4477.43,4477.914,75600
1694522640000,4477.692,4478.194,4477.427,4477.68,67500
1694522700000,4477.439,4478.203,4476.702,4476.949,75600
1694522760000,4477.19,4477.734,4476.681,4477.436,78300
1694522820000,4477.19,4477.424,4476.477,4476.721,64800
1694522880000,4476.964,4477.199,4476.48,4477.199,40500
1694522940000,4477.226,4477.722,4476.934,4477.199,54000
1694523000000,4476.94,4476.946,4476.246,4476.48,54000
1694523060000,4476.417,4476.417,4475.214,4475.214,70200
1694523120000,4474.976,4475.966,4474.976,4475.966,70200
1694523180000,4475.846,4475.846,4475.307,4475.307,56700
1694523240000,4475.491,4475.759,4475.004,4475.759,67500
1694523300000,4475.247,4475.262,4473.891,4474.261,48600
1694523360000,4474.032,4474.523,4473.747,4473.78,67500
1694523420000,4474.014,4474.327,4473.506,4473.993,67500
1694523480000,4474.24,4474.327,4473.771,4474.077,51300
1694523540000,4473.789,4474.032,4473.536,4473.753,45900
1694523600000,4473.503,4473.557,4472.087,4472.297,72900
1694523660000,4472.559,4472.559,4471.296,4471.81,64800
1694523720000,4472.06,4473.016,4471.32,4472.532,91800
1694523780000,4472.273,4472.3,4471.521,4472.054,108000
1694523840000,4471.801,4472.309,4471.564,4472.042,118800
1694523900000,4472.276,4472.797,4472.03,4472.562,35100
1694523960000,4472.794,4473.046,4471.281,4471.597,51300
1694524020000,4471.41,4472.562,4471.031,4472.292,75600
1694524080000,4472.042,4472.367,4471.531,4471.774,75600
1694524140000,4471.534,4471.774,4471.047,4471.576,59400
1694524200000,4471.441,4471.582,4471.074,4471.311,27000
1694524260000,4471.083,4471.083,4469.627,4469.627,67500
1694524320000,4469.311,4469.657,4469.311,4469.609,59400
1694524380000,4469.844,4470.349,4469.579,4470.349,35100
1694524440000,4470.602,4470.602,4470.081,4470.084,43200
1694524500000,4470.337,4470.352,4469.844,4470.349,59400
1694524560000,4470.097,4470.352,4469.339,4469.363,43200
1694524620000,4469.11,4469.363,4468.617,4469.077,83700
1694524680000,4468.827,4468.996,4468.427,4468.427,29700
1694524740000,4468.127,4468.927,4467.886,4468.632,45900
1694524800000,4468.882,4468.927,4468.367,4468.611,35100
1694524860000,4468.587,4469.089,4468.337,4468.611,56700
1694524920000,4468.557,4468.557,4467.357,4467.601,48600
1694524980000,4467.862,4468.389,4467.616,4468.13,29700
1694525040000,4468.389,4469.583,4467.856,4469.583,72900
1694525100000,4469.33,4470.897,4469.33,4470.846,75600
1694525160000,4470.963,4471.096,4470.317,4470.557,37800
1694525220000,4470.581,4470.84,4469.811,4470.377,54000
1694525280000,4470.56,4470.897,4470.323,4470.816,56700
1694525340000,4471.057,4471.09,4469.087,4470.954,132300
1694525400000,4471.087,4471.102,4469.324,4469.324,447300
1694525460000,4469.577,4471.857,4469.372,4471.093,432000
1694525520000,4471.327,4474.807,4469.616,4474.557,427500
1694525580000,4474.744,4475.529,4473.55,4474.557,418500
1694525640000,4474.747,4477.216,4474.497,4476.759,378000
1694525700000,4476.512,4478.209,4475.971,4476.726,432000
1694525760000,4476.227,4478.287,4475.024,4476.994,400500
1694525820000,4477.246,4478.232,4476.96,4477.979,396000
1694525880000,4477.742,4477.976,4474.494,4476.461,373500
1694525940000,4476.226,4477.723,4475.986,4477.464,297000
1694526000000,4477.711,4478.977,4477.711,4478.933,306000
1694526060000,4479.182,4479.477,4476.994,4477.704,292500
1694526120000,4477.473,4479.777,4477.211,4477.51,355500
1694526180000,4477.772,4478.317,4476.296,4476.296,310500
1694526240000,4476.54,4477.817,4475.024,4477.267,355500
1694526300000,4477.577,4478.743,4476.024,4476.557,391500
1694526360000,4476.737,4477.002,4475.287,4476.036,333000
1694526420000,4475.994,4478.507,4475.519,4477,328500
1694526480000,4476.757,4477.006,4474.023,4474.754,373500
1694526540000,4474.523,4475.077,4473.553,4475.077,328500
1694526600000,4474.786,4475.077,4473.534,4474.51,423000
1694526660000,4474.48,4476.427,4474.287,4474.731,369000
1694526720000,4474.986,4476.453,4474.297,4475.933,364500
1694526780000,4475.671,4476.933,4475.421,4476.431,220500
1694526840000,4476.323,4477.149,4476.193,4476.641,279000
1694526900000,4476.403,4477.957,4476.403,4476.902,360000
1694526960000,4477.134,4478.144,4476.887,4477.626,234000
1694527020000,4477.879,4479.417,4477.86,4478.927,270000
1694527080000,4478.677,4479.137,4478.091,4478.842,252000
1694527140000,4478.701,4478.917,4477.381,4478.626,247500
1694527200000,4478.854,4478.854,4476.646,4477.361,261000
1694527260000,4477.616,4477.634,4475.86,4476.833,247500
1694527320000,4476.593,4477.364,4476.094,4476.63,328500
1694527380000,4476.741,4478.591,4476.389,4477.599,256500
1694527440000,4477.831,4477.849,4476.337,4476.403,225000
1694527500000,4476.656,4476.687,4474.467,4476.136,373500
1694527560000,4476.137,4476.377,4473.479,4474.466,243000
1694527620000,4474.267,4475.447,4474.216,4474.71,292500
1694527680000,4474.954,4475.216,4474.227,4474.711,315000
1694527740000,4474.471,4474.726,4472.514,4473.957,274500
1694527800000,4473.729,4474.499,4473.239,4474.451,216000
1694527860000,4474.222,4475.47,4472.776,4475.214,211500
1694527920000,4475.463,4476.922,4474.703,4476.441,319500
1694527980000,4476.681,4477.202,4476.447,4476.716,247500
1694528040000,4476.944,4477.444,4476.449,4477.183,220500
1694528100000,4477.439,4477.767,4475.571,4475.996,279000
1694528160000,4475.731,4476.787,4474.023,4476.256,369000
1694528220000,4476.009,4476.797,4475.751,4476.5,180000
1694528280000,4476.741,4476.979,4475.827,4476.976,162000
1694528340000,4476.787,4477.519,4476.474,4477.026,193500
1694528400000,4476.767,4476.837,4475.067,4475.067,252000
1694528460000,4475.04,4475.337,4472.88,4472.892,315000
1694528520000,4472.627,4473.632,4471.909,4472.857,319500
1694528580000,4473.097,4473.612,4472.407,4472.419,198000
1694528640000,4472.217,4472.422,4471.412,4471.884,202500
1694528700000,4471.577,4471.647,4467.749,4469.791,382500
1694528760000,4469.802,4469.802,4467.814,4469.244,378000
1694528820000,4469,4469.282,4466.747,4467.562,324000
1694528880000,4467.799,4468.827,4467.799,4468.036,216000
1694528940000,4468.273,4469.22,4467.5,4468.26,346500
1694529000000,4467.884,4467.884,4465.56,4467.28,387000
1694529060000,4467.039,4468.979,4467.039,4468.723,207000
1694529120000,4468.489,4471.027,4468.48,4470.967,270000
1694529180000,4471.22,4471.22,4469.993,4471.191,229500
1694529240000,4470.956,4471.2,4470.23,4470.757,198000
1694529300000,4470.504,4471.256,4469.4,4469.743,220500
1694529360000,4469.999,4471.233,4469.262,4470.493,328500
1694529420000,4470.797,4470.797,4469.562,4469.797,207000
1694529480000,4469.617,4470.757,4468.06,4468.076,243000
1694529540000,4467.814,4468.834,4467.321,4468.616,270000
1694529600000,4468.357,4469.363,4467.834,4468.136,234000
1694529660000,4468.386,4468.392,4467.16,4467.666,198000
1694529720000,4467.524,4468.159,4466.8,4467.877,225000
1694529780000,4467.636,4469.383,4467.624,4469.136,189000
1694529840000,4468.884,4470.177,4468.634,4469.63,148500
1694529900000,4469.447,4470.593,4468.854,4470.349,211500
1694529960000,4470.1,4471.101,4470.1,4470.917,130500
1694530020000,4470.632,4471.167,4470.1,4470.1,193500
1694530080000,4470.232,4470.343,4469.36,4469.639,238500
1694530140000,4469.371,4469.889,4468.191,4468.757,202500
1694530200000,4468.447,4468.447,4467.201,4467.456,229500
1694530260000,4467.703,4468.262,4467.447,4467.481,162000
1694530320000,4467.373,4467.527,4465.991,4466.249,216000
1694530380000,4466.012,4466.974,4465.771,4466.009,207000
1694530440000,4466.12,4466.733,4465.029,4465.254,247500
1694530500000,4465.293,4467.557,4465.05,4467.211,207000
1694530560000,4466.964,4467.517,4466.721,4467.009,207000
1694530620000,4467.307,4467.707,4466.519,4466.883,157500
1694530680000,4467.006,4467.006,4464.77,4465.02,162000
1694530740000,4464.77,4465.789,4464.301,4464.301,229500
1694530800000,4464.177,4467.269,4464.177,4467.269,229500
1694530860000,4467.032,4468.237,4467.032,4467.591,270000
1694530920000,4467.476,4468.547,4466.487,4468.547,189000
1694530980000,4468.246,4469.71,4468.234,4468.69,162000
1694531040000,4468.446,4469.747,4468.431,4469.747,153900
1694531100000,4469.441,4470.18,4469.16,4469.16,130500
1694531160000,4468.922,4469.217,4467.461,4467.47,211500
1694531220000,4467.227,4468.997,4467.227,4467.96,144000
1694531280000,4468.007,4468.227,4466.5,4466.981,202500
1694531340000,4466.74,4467.24,4463.504,4465.233,333000
1694531400000,4464.977,4465.461,4463.953,4463.953,292500
1694531460000,4463.977,4464.729,4463.516,4464.252,220500
1694531520000,4464.547,4466.187,4464.243,4466.187,238500
1694531580000,4465.937,4466.421,4465.222,4466.147,130500
1694531640000,4466.4,4466.64,4465.404,4465.919,180000
1694531700000,4465.66,4466.707,4465.197,4465.452,175500
1694531760000,4465.2,4465.677,4464.214,4465.386,171000
1694531820000,4465.632,4465.926,4465.184,4465.379,211500
1694531880000,4465.124,4465.873,4464.88,4465.674,157500
1694531940000,4465.443,4465.699,4464.661,4464.944,162000
1694532000000,4464.691,4465.987,4464.691,4465.659,189000
1694532060000,4465.666,4467.409,4465.401,4467.166,126000
1694532120000,4466.922,4467.84,4466.651,4467.603,130500
1694532180000,4467.35,4467.874,4466.914,4467.366,166500
1694532240000,4467.117,4467.382,4466.381,4466.719,162000
1694532300000,4466.463,4467.197,4466.224,4466.224,112500
1694532360000,4466.489,4467.517,4465.703,4465.931,166500
1694532420000,4466.19,4467.5,4465.691,4467.5,171000
1694532480000,4467.762,4468.249,4467.01,4467.99,175500
1694532540000,4468.243,4469.933,4468.234,4469.677,130500
1694532600000,4469.942,4470.722,4469.696,4470.704,135000
1694532660000,4471.017,4471.19,4470.027,4471.19,148500
1694532720000,4471.421,4472.227,4470.947,4470.947,130500
1694532780000,4471.449,4472.232,4470.944,4471.73,198000
1694532840000,4471.983,4471.983,4471.257,4471.257,198000
1694532900000,4471.636,4472.25,4471.254,4472.01,81000
1694532960000,4471.817,4472.077,4471.49,4471.773,81000
1694533020000,4471.511,4472.282,4471.511,4472.21,85500
1694533080000,4471.982,4472.337,4471.553,4471.74,121500
1694533140000,4471.974,4472.72,4471.244,4471.56,121500
1694533200000,4471.311,4473.027,4471.064,4472.739,171000
1694533260000,4472.486,4473.021,4472.486,4472.777,63000
1694533320000,4472.521,4472.783,4471.087,4472.001,148500
1694533380000,4471.76,4472.787,4471.501,4471.743,112500
1694533440000,4471.487,4471.989,4471.249,4471.537,81000
1694533500000,4471.36,4472.472,4471.263,4471.269,148500
1694533560000,4471.504,4472.982,4471.257,4472.982,135000
1694533620000,4473.147,4473.517,4472.482,4473.453,166500
1694533680000,4473.257,4473.437,4473.121,4473.127,112500
1694533740000,4473.364,4473.376,4472.446,4472.666,139500
1694533800000,4472.957,4473.447,4472.657,4473.227,76500
1694533860000,4473.477,4473.909,4473.166,4473.166,117000
1694533920000,4473.467,4474.372,4473.133,4474.101,72000
1694533980000,4474.369,4474.646,4473.897,4474.369,90000
1694534040000,4474.132,4474.417,4473.672,4473.904,139500
1694534100000,4474.154,4474.412,4472.674,4472.927,135000
1694534160000,4472.671,4473.393,4472.644,4472.893,99000
1694534220000,4473.143,4474.36,4472.64,4474.357,189000
1694534280000,4474.603,4474.609,4473.857,4473.869,90000
1694534340000,4473.629,4473.857,4472.874,4473.127,202500
1694534400000,4473.373,4474.407,4473.373,4473.863,94500
1694534460000,4474.109,4475.657,4473.841,4475.341,202500
1694534520000,4475.606,4476.107,4475.547,4475.572,126000
1694534580000,4475.794,4476.107,4474.327,4475.797,139500
1694534640000,4476.107,4476.107,4475.791,4476.057,112500
1694534700000,4476.061,4476.064,4475.34,4475.592,108000
1694534760000,4475.83,4475.872,4474.337,4474.58,238500
1694534820000,4474.821,4475.399,4473.862,4475.137,117000
1694534880000,4475.263,4476.072,4475.143,4475.814,85500
1694534940000,4475.883,4476.142,4475.85,4476.091,90000
1694535000000,4476.341,4476.341,4474.877,4475.623,130500
1694535060000,4475.437,4475.659,4474.902,4475.397,90000
1694535120000,4475.65,4476.353,4475.607,4476.116,99000
1694535180000,4476.347,4476.362,4475.656,4476.159,67500
1694535240000,4476.396,4477.089,4476.084,4476.343,103500
1694535300000,4476.157,4477.386,4475.844,4477.07,139500
1694535360000,4477.311,4477.804,4476.577,4477.392,112500
1694535420000,4477.494,4477.917,4477.12,4477.12,144000
1694535480000,4477.382,4477.667,4476.621,4476.889,117000
1694535540000,4477.177,4477.177,4476.323,4476.811,81000
1694535600000,4476.892,4477.177,4476.504,4477.084,72000
1694535660000,4477.334,4477.334,4475.142,4475.62,135000
1694535720000,4475.377,4476.372,4475.133,4476.167,157500
1694535780000,4476.357,4477.334,4476.357,4476.631,72000
1694535840000,4476.877,4477.157,4476.601,4477.112,139500
1694535900000,4476.854,4477.134,4476.111,4476.626,171000
1694535960000,4476.376,4476.677,4475.881,4476.392,63000
1694536020000,4476.143,4476.143,4474.926,4475.946,121500
1694536080000,4475.693,4475.937,4474.896,4474.9,108000
1694536140000,4474.707,4476.386,4474.407,4475.159,171000
1694536200000,4474.894,4475.517,4474.707,4475.174,126000
1694536260000,4474.939,4475.237,4473.71,4473.722,144000
1694536320000,4473.953,4474.777,4473.941,4474.413,126000
1694536380000,4474.163,4474.47,4473.484,4473.484,144000
1694536440000,4473.252,4473.737,4472.714,4472.976,157500
1694536500000,4472.729,4474.206,4472.224,4473.959,126000
1694536560000,4473.691,4473.992,4473.451,4473.992,76500
1694536620000,4473.743,4473.914,4472.681,4472.693,198000
1694536680000,4472.453,4474.182,4472.444,4473.911,130500
1694536740000,4474.176,4474.239,4473.439,4473.986,85500
1694536800000,4473.731,4474.919,4473.43,4474.657,175500
1694536860000,4474.904,4475.536,4474.904,4474.916,108000
1694536920000,4474.66,4476.209,4474.66,4476.209,49500
1694536980000,4476.449,4476.702,4475.664,4476.401,99000
1694537040000,4476.172,4476.909,4476.164,4476.672,54000
1694537100000,4476.913,4477.187,4476.182,4476.933,103500
1694537160000,4477.192,4477.237,4476.62,4476.693,76500
1694537220000,4476.44,4476.747,4475.953,4476.684,67500
1694537280000,4476.936,4477.423,4476.686,4477.137,103500
1694537340000,4477.399,4477.717,4477.143,4477.717,22500
1694537400000,4477.41,4477.957,4477.136,4477.376,63000
1694537460000,4477.127,4477.127,4476.384,4476.679,76500
1694537520000,4476.439,4476.673,4475.174,4475.42,130500
1694537580000,4475.237,4475.949,4474.942,4475.949,90000
1694537640000,4475.703,4475.997,4475.212,4475.67,148500
1694537700000,4475.477,4475.727,4474.711,4474.724,180000
1694537760000,4474.612,4475.457,4474.471,4475.232,148500
1694537820000,4474.961,4475.037,4474.474,4474.474,76500
1694537880000,4474.787,4474.787,4474.189,4474.483,103500
1694537940000,4474.742,4475.412,4474.249,4475.391,94500
1694538000000,4475.652,4475.947,4473.98,4475.216,189000
1694538060000,4475.197,4475.922,4474.927,4475.651,157500
1694538120000,4475.9,4477.396,4475.9,4477.159,112500
1694538180000,4476.903,4477.834,4476.629,4477.606,144000
1694538240000,4477.35,4477.612,4477.091,4477.407,180000
1694538300000,4477.346,4478.137,4477.331,4477.647,139500
1694538360000,4477.852,4478.083,4477.397,4477.834,76500
1694538420000,4477.596,4477.843,4475.866,4476.347,139500
1694538480000,4476.119,4477.017,4475.892,4475.892,175500
1694538540000,4476.133,4476.667,4475.386,4475.639,112500
1694538600000,4475.383,4477.319,4475.383,4476.807,166500
1694538660000,4477.069,4477.792,4477.059,4477.534,94500
1694538720000,4477.783,4477.783,4476.066,4476.55,139500
1694538780000,4476.8,4477.933,4476.556,4477.792,148500
1694538840000,4477.533,4477.837,4476.563,4476.803,121500
1694538900000,4477.062,4478.087,4476.812,4477.793,58500
1694538960000,4478.087,4478.857,4477.793,4478.283,139500
1694539020000,4478.046,4478.286,4476.807,4476.807,139500
1694539080000,4477.059,4478.089,4476.81,4478.089,126000
1694539140000,4478.332,4479.307,4478.332,4479.307,108000
1694539200000,4479.857,4480.837,4479.553,4480.107,193500
1694539260000,4480.306,4482.522,4480.062,4481.047,202500
1694539320000,4481.3,4481.597,4480.81,4481.597,148500
1694539380000,4481.847,4486.017,4481.784,4485.517,202500
1694539440000,4485.701,4487.42,4485.701,4486.443,288000
1694539500000,4486.687,4486.987,4484.724,4485.767,283500
1694539560000,4485.457,4485.716,4484.721,4484.97,99000
1694539620000,4485.214,4485.767,4484.964,4484.971,103500
1694539680000,4485.227,4485.242,4484.721,4485.242,108000
1694539740000,4484.999,4485.477,4484.502,4484.743,108000
1694539800000,4484.987,4486.707,4484.987,4486.462,121500
1694539860000,4486.691,4486.931,4485.461,4485.963,144000
1694539920000,4485.722,4486.497,4485.472,4485.472,99000
1694539980000,4485.207,4486.449,4485.207,4485.712,108000
1694540040000,4485.684,4486.192,4485.681,4485.921,108000
1694540100000,4485.681,4486.672,4485.446,4486.672,108000
1694540160000,4486.281,4486.423,4484.197,4484.449,144000
1694540220000,4484.209,4485.192,4484.209,4484.923,139500
1694540280000,4484.671,4484.911,4483.181,4483.446,130500
1694540340000,4483.693,4484.182,4483.199,4483.929,85500
1694540400000,4484.217,4484.41,4483.404,4483.717,85500
1694540460000,4483.909,4483.909,4480.7,4480.934,175500
1694540520000,4480.706,4480.949,4479.21,4479.463,225000
1694540580000,4479.213,4479.767,4478.711,4478.976,103500
1694540640000,4478.711,4478.711,4477.244,4477.989,274500
1694540700000,4477.74,4478.742,4477.481,4477.993,198000
1694540760000,4477.746,4477.99,4476.027,4477.014,274500
1694540820000,4476.77,4477.032,4475.303,4475.796,211500
1694540880000,4475.541,4475.562,4473.584,4474.564,292500
1694540940000,4474.33,4476.306,4474.33,4476.05,220500
1694541000000,4476.297,4477.289,4475.8,4477.03,162000
1694541060000,4476.792,4477.024,4475.562,4476.287,180000
1694541120000,4476.41,4477.51,4476.302,4476.539,117000
1694541180000,4476.773,4477.762,4474.797,4475.053,279000
1694541240000,4474.794,4475.05,4473.071,4474.054,405000
1694541300000,4473.816,4474.544,4472.83,4473.813,229500
1694541360000,4474.054,4474.062,4472.33,4472.377,297000
1694541420000,4472.333,4473.066,4471.346,4472.579,283500
1694541480000,4472.329,4474.107,4472.329,4473.566,256500
1694541540000,4473.304,4473.806,4472.571,4472.571,166500
1694541600000,4472.694,4472.694,4470.37,4471.112,279000
1694541660000,4470.983,4471.602,4470.366,4470.594,225000
1694541720000,4470.856,4472.127,4470.344,4471.339,202500
1694541780000,4471.147,4472.377,4470.846,4472.082,144000
1694541840000,4472.323,4472.323,4470.841,4471.099,202500
1694541900000,4471.331,4472.089,4470.591,4471.097,265500
1694541960000,4470.851,4472.137,4470.851,4471.094,144000
1694542020000,4471.027,4472.32,4471.027,4471.839,184500
1694542080000,4471.589,4471.637,4470.597,4471.081,153000
1694542140000,4470.973,4471.637,4470.831,4471.08,144000
1694542200000,4470.852,4472.322,4470.852,4471.826,139500
1694542260000,4471.579,4472.322,4471.324,4472.057,130500
1694542320000,4472.303,4473.542,4472.294,4473.29,207000
1694542380000,4473.097,4473.539,4472.55,4472.806,108000
1694542440000,4472.562,4472.562,4471.32,4471.333,112500
1694542500000,4471.093,4472.074,4471.093,4471.83,144000
1694542560000,4471.722,4473.3,4471.704,4472.311,207000
1694542620000,4472.567,4473.069,4472.311,4472.816,157500
1694542680000,4472.94,4473.313,4472.074,4472.074,153000
1694542740000,4472.084,4472.324,4468.893,4471.331,481500
1694542800000,4471.232,4471.397,4469.361,4470.119,364500
1694542860000,4470.344,4470.344,4468.687,4469.427,283500
1694542920000,4469.496,4470.897,4468.374,4470.106,261000
1694542980000,4470.35,4471.09,4469.619,4470.594,265500
1694543040000,4470.599,4470.852,4470.1,4470.1,135000
1694543100000,4469.844,4471.877,4469.844,4471.817,171000
1694543160000,4472.076,4472.089,4471.321,4471.352,171000
1694543220000,4471.103,4471.587,4470.111,4470.611,180000
1694543280000,4470.377,4472.657,4470.374,4472.101,157500
1694543340000,4471.917,4472.167,4471.127,4471.127,94500
1694543400000,4470.887,4470.887,4468.686,4470.697,202500
1694543460000,4470.884,4472.364,4470.649,4471.867,225000
1694543520000,4472.114,4472.114,4470.65,4471.159,112500
1694543580000,4470.957,4471.947,4470.957,4471.707,126000
1694543640000,4471.881,4472.383,4470.911,4471.163,157500
1694543700000,4470.923,4471.413,4470.424,4470.424,112500
1694543760000,4470.183,4471.163,4469.927,4470.666,207000
1694543820000,4470.432,4470.922,4470.163,4470.422,135000
1694543880000,4470.662,4470.662,4469.66,4470.147,198000
1694543940000,4470.276,4470.871,4470.131,4470.621,94500
1694544000000,4470.861,4470.861,4468.707,4469.402,189000
1694544060000,4469.152,4469.883,4468.881,4468.896,171000
1694544120000,4469.127,4469.187,4467.891,4468.877,162000
1694544180000,4468.649,4468.937,4468.131,4468.387,126000
1694544240000,4468.149,4468.642,4468.14,4468.642,139500
1694544300000,4468.386,4468.639,4467.65,4468.392,121500
1694544360000,4468.639,4468.642,4466.907,4468.381,207000
1694544420000,4468.636,4470.119,4468.197,4468.642,234000
1694544480000,4468.892,4468.892,4466.717,4466.911,175500
1694544540000,4467.154,4467.467,4466.914,4467.167,166500
1694544600000,4466.917,4467.17,4462.507,4462.507,301500
1694544660000,4462.757,4464.489,4462.501,4463.762,400500
1694544720000,4463.497,4463.999,4462.514,4462.779,270000
1694544780000,4462.887,4464.012,4462.524,4463.772,189000
1694544840000,4463.75,4463.991,4462.521,4462.527,189000
1694544900000,4462.271,4463.384,4461.781,4463.27,238500
1694544960000,4463.02,4464.746,4463.011,4464.746,216000
1694545020000,4464.496,4464.986,4462.754,4462.76,180000
1694545080000,4462.523,4463.759,4462.273,4463.512,211500
1694545140000,4463.753,4463.762,4462.763,4462.994,175500
1694545200000,4463.244,4463.244,4459.826,4461.072,288000
1694545260000,4460.804,4462.799,4460.554,4462.3,207000
1694545320000,4462.053,4462.553,4461.557,4461.832,207000
1694545380000,4461.561,4462.051,4460.593,4460.853,153000
1694545440000,4460.594,4461.147,4460.111,4460.372,162000
1694545500000,4460.126,4460.667,4459.871,4460.382,108000
1694545560000,4460.389,4461.382,4459.877,4461.139,175500
1694545620000,4460.871,4461.136,4460.144,4460.884,189000
1694545680000,4461.131,4461.76,4459.907,4461.152,157500
1694545740000,4461.327,4461.39,4460.467,4460.467,112500
1694545800000,4460.66,4462.134,4460.651,4461.641,162000
1694545860000,4461.403,4461.467,4460.429,4461.176,148500
1694545920000,4461.416,4461.891,4460.684,4460.684,148500
1694545980000,4460.921,4461.202,4460.44,4460.953,135000
1694546040000,4460.697,4461.209,4460.207,4460.527,117000
1694546100000,4460.719,4460.719,4458.251,4458.491,240300
1694546160000,4458.747,4460.287,4458.491,4459.259,171000
1694546220000,4459.012,4459.5,4458.27,4459.016,162000
1694546280000,4458.761,4459.272,4458.264,4458.283,225000
1694546340000,4458.087,4458.779,4458.03,4458.337,180000
1694546400000,4458.529,4459.762,4458.271,4459.029,247500
1694546460000,4459.251,4459.27,4458.286,4458.764,108000
1694546520000,4458.542,4459.029,4458.107,4458.312,121500
1694546580000,4458.432,4458.847,4456.833,4457.071,157500
1694546640000,4456.824,4457.32,4456.334,4456.602,198000
1694546700000,4456.897,4457.586,4456.584,4457.33,175500
1694546760000,4457.084,4458.064,4457.084,4457.581,171000
1694546820000,4457.897,4458.583,4457.331,4457.584,189000
1694546880000,4457.612,4458.637,4457.591,4458.081,207000
1694546940000,4457.862,4458.842,4457.847,4458.602,166500
1694547000000,4458.837,4459.827,4458.34,4459.577,166500
1694547060000,4459.83,4460.329,4459.58,4459.596,94500
1694547120000,4459.897,4460.33,4458.844,4459.1,162000
1694547180000,4459.341,4460.352,4459.103,4460.352,103500
1694547240000,4460.081,4460.346,4459.594,4459.607,94500
1694547300000,4459.869,4461.33,4459.857,4460.852,130500
1694547360000,4461.147,4461.334,4459.129,4459.37,175500
1694547420000,4459.133,4460.114,4458.634,4460.114,117000
1694547480000,4460.417,4460.417,4459.14,4459.14,99000
1694547540000,4459.387,4460.126,4459.387,4459.633,148500
1694547600000,4459.892,4461.113,4459.892,4460.386,76500
1694547660000,4460.62,4461.366,4460.139,4460.882,108000
1694547720000,4460.687,4462.353,4460.624,4461.851,207000
1694547780000,4461.604,4462.341,4461.123,4462.157,94500
1694547840000,4461.859,4462.346,4461.841,4461.844,72000
1694547900000,4462.091,4463.33,4461.616,4462.097,117000
1694547960000,4461.872,4461.872,4459.894,4460.387,148500
1694548020000,4460.282,4460.89,4459.9,4460.409,180000
1694548080000,4460.637,4460.652,4459.663,4459.904,211500
1694548140000,4460.144,4461.377,4459.894,4461.139,139500
1694548200000,4461.759,4463.397,4461.124,4462.657,225000
1694548260000,4462.856,4464.079,4462.354,4463.821,166500
1694548320000,4464.083,4464.083,4463.096,4463.637,112500
1694548380000,4463.821,4464.082,4463.081,4463.574,135000
1694548440000,4463.709,4464.627,4462.897,4464.627,297000
1694548500000,4464.073,4464.127,4462.109,4462.599,274500
1694548560000,4462.836,4464.06,4462.33,4462.33,166500
1694548620000,4462.637,4462.637,4461.334,4461.337,157500
1694548680000,4461.583,4462.082,4460.849,4461.086,140400
1694548740000,4461.336,4463.327,4460.577,4462.287,499800
1694548800000,4462.246,4463.723,4461.981,4463.723,66430
1694548860000,4463.467,4463.467,4461.999,4461.999,18030
1694548920000,4461.762,4462.736,4461.762,4462.24,15070
1694548980000,4462.499,4463.527,4462.499,4462.736,12370
1694549040000,4462.974,4463.23,4462.736,4463.23,7840
1694549100000,4463.461,4463.729,4463.224,4463.473,15680
1694549160000,4463.723,4463.963,4463.714,4463.951,4530
1694549220000,4464.21,4464.466,4463.966,4464.207,5270
1694549280000,4464.46,4464.472,4464.204,4464.472,6840
1694549340000,4464.697,4464.697,4464.21,4464.21,2570
1694549400000,4463.97,4464.7,4463.97,4464.472,10150
1694549460000,4464.767,4464.767,4464.213,4464.219,5750
1694549520000,4464.454,4464.719,4464.204,4464.204,3920
1694549580000,4464.081,4464.719,4463.961,4464.716,5750
1694549640000,4464.451,4464.713,4463.973,4463.973,9060
1694556000000,4462.247,4462.367,4461.817,4462.304,9760
1694556060000,4462.127,4462.367,4461.826,4462.367,7320
1694556120000,4462.064,4462.127,4461.333,4461.582,8540
1694556180000,4461.327,4461.811,4461.222,4461.811,5490
1694556240000,4461.952,4462.367,4461.817,4461.817,5490
1694556300000,4462.076,4462.079,4461.814,4462.079,5490
1694556360000,4461.832,4461.832,4461.333,4461.333,3050
1694556420000,4461.077,4461.137,4460.843,4461.137,3660
1694556480000,4461.093,4461.093,4460.897,4460.897,1220
1694556540000,4461.084,4461.084,4460.84,4461.084,1830
1694556600000,4461.222,4461.571,4460.849,4461.571,4400
1694556660000,4461.33,4461.571,4461.093,4461.571,3050
1694556720000,4461.887,4461.887,4461.574,4461.574,1830
1694556900000,4461.321,4461.321,4461.321,4461.321,610
1694556960000,4461.337,4461.58,4461.334,4461.334,1830
1694557020000,4461.207,4461.34,4461.09,4461.09,2440
1694557080000,4460.837,4460.837,4460.837,4460.837,610
1694557140000,4460.97,4461.102,4460.97,4461.102,1220
1694557200000,4460.897,4460.897,4460.591,4460.591,1220
1694557260000,4460.856,4460.856,4460.856,4460.856,610
1694557320000,4461.09,4461.09,4460.853,4460.853,1220
1694557560000,4460.6,4460.6,4460.6,4460.6,610
1694557620000,4459.993,4460.591,4459.993,4460.591,1220
1694557680000,4460.859,4460.859,4460.612,4460.856,1830
1694557740000,4460.967,4461.112,4460.844,4461.112,3050
1694557800000,4461.197,4461.88,4460.899,4461.636,4880
1694557920000,4461.447,4461.874,4461.447,4461.639,3660
1694557980000,4461.874,4461.937,4461.636,4461.937,3050
1694558040000,4462.136,4462.379,4462.13,4462.13,3660
1694558100000,4461.892,4462.509,4461.892,4462.373,2440
1694558160000,4462.611,4462.632,4462.379,4462.632,1830
1694558220000,4462.382,4462.503,4462.367,4462.367,3050
1694558280000,4462.5,4462.677,4462.127,4462.127,4270
1694558340000,4462.389,4462.389,4462.389,4462.389,610
1694558400000,4462.142,4462.262,4462.136,4462.244,3660
1694558460000,4462.121,4462.371,4462.121,4462.371,1830
1694558520000,4462.247,4462.247,4461.88,4461.88,1830
1694558580000,4461.697,4461.896,4461.643,4461.643,3660
1694558640000,4461.89,4461.89,4461.634,4461.887,1830
1694558700000,4461.772,4461.772,4461.393,4461.643,2440
1694558820000,4461.52,4461.697,4461.384,4461.652,6100
1694558880000,4461.884,4462.187,4461.884,4462.187,5490
1694558940000,4462.386,4462.386,4462.124,4462.383,2440
1694559000000,4462.864,4462.864,4462.63,4462.63,1220
1694559060000,4462.383,4462.639,4462.383,4462.639,1220
1694559120000,4462.371,4462.371,4462.371,4462.371,610
1694559180000,4462.687,4462.687,4462.131,4462.131,2440
1694559240000,4462.251,4462.437,4462.131,4462.389,4880
1694559300000,4462.152,4462.371,4462.152,4462.371,1830
1694559420000,4462.131,4462.137,4461.881,4462.077,5490
1694559480000,4462.152,4462.152,4461.947,4461.947,1220
1694559540000,4462.02,4462.029,4461.881,4461.887,3660
1694559600000,4462.032,4462.14,4461.89,4461.89,1830
1694559720000,4461.782,4461.782,4461.65,4461.65,1220
1694559780000,4461.412,4461.659,4461.16,4461.659,3660
1694559840000,4461.406,4461.406,4461.406,4461.406,610
1694559900000,4461.172,4461.172,4460.901,4461.151,3660
1694560020000,4461.412,4461.707,4461.403,4461.653,4270
1694560080000,4461.894,4461.894,4461.894,4461.894,610
1694560140000,4461.767,4461.957,4461.641,4461.957,4270
1694560200000,4461.659,4461.906,4461.659,4461.659,1830
1694560260000,4461.407,4461.407,4461.407,4461.407,610
1694560320000,4461.644,4461.644,4461.644,4461.644,610
1694560380000,4461.467,4461.467,4461.467,4461.467,610
1694560440000,4461.163,4461.163,4461.163,4461.163,610
1694560500000,4461.407,4461.59,4461.353,4461.587,2440
1694560560000,4461.362,4461.596,4461.362,4461.596,1220
1694560620000,4461.846,4462.147,4461.84,4461.897,6100
1694560740000,4462.096,4462.096,4461.831,4461.954,4880
1694560800000,4461.834,4462.147,4461.59,4461.609,4270
1694560860000,4461.897,4461.897,4461.657,4461.849,1830
1694560980000,4461.964,4462.096,4461.964,4462.096,1220
1694561040000,4462.352,4462.454,4462.334,4462.334,1830
1694561100000,4462.58,4462.839,4462.574,4462.574,4270
1694561160000,4462.334,4462.472,4462.334,4462.343,1830
1694561220000,4462.093,4462.334,4462.093,4462.334,1220
1694561280000,4462.574,4462.58,4462.349,4462.58,2440
1694561340000,4462.824,4462.833,4462.586,4462.833,3660
1694561400000,4462.58,4462.827,4462.58,4462.592,1830
1694561460000,4462.71,4462.887,4462.587,4462.887,3050
1694561520000,4462.596,4462.596,4462.596,4462.596,610
1694561580000,4462.827,4462.827,4462.827,4462.827,610
1694561640000,4462.581,4462.839,4462.581,4462.587,3050
1694561700000,4462.839,4462.842,4462.593,4462.704,4270
1694561760000,4462.887,4462.887,4462.59,4462.827,2440
1694561820000,4462.602,4463.08,4462.599,4463.08,4270
1694561880000,4462.833,4462.897,4462.833,4462.897,1220
1694561940000,4462.972,4463.08,4462.837,4462.849,6100
1694562000000,4463.077,4463.077,4462.897,4462.897,1220
1694562060000,4462.972,4463.092,4462.831,4462.846,5490
1694562120000,4463.092,4463.339,4462.966,4463.339,2440
1694562240000,4463.267,4463.333,4463.077,4463.327,7320
1694562300000,4463.586,4463.586,4463.321,4463.33,12200
1694562420000,4463.583,4463.586,4463.441,4463.469,4880
1694562480000,4463.586,4463.586,4463.586,4463.586,610
1694562540000,4463.466,4463.824,4463.327,4463.824,6710
1694562600000,4463.691,4463.887,4463.574,4463.887,5490
1694562660000,4463.58,4463.58,4463.58,4463.58,610
1694562720000,4463.387,4463.637,4463.342,4463.342,5490
1694562780000,4463.637,4463.637,4463.33,4463.343,4270
1694562960000,4463.102,4463.102,4463.102,4463.102,610
1694563140000,4463.343,4463.346,4463.099,4463.147,4880
